names,label
9641.jpg,0
9648.jpg,2
9654.jpg,0
9660.jpg,0
9661.jpg,0
9662.jpg,0
9668.jpg,0
9669.jpg,0
9672.jpg,2
9673.jpg,0
9674.jpg,0
9676.jpg,0
9683.jpg,0
9685.jpg,0
9696.jpg,8
9698.jpg,0
9700.jpg,0
9716.jpg,2
9717.jpg,0
9718.jpg,0
9739.jpg,0
9749.jpg,0
9751.jpg,0
9757.jpg,0
9769.jpg,0
9772.jpg,0
9777.jpg,9
9778.jpg,6
9782.jpg,1
9784.jpg,1
9785.jpg,1
9787.jpg,1
9790.jpg,1
9791.jpg,1
9792.jpg,1
9793.jpg,1
9796.jpg,1
9798.jpg,1
9807.jpg,1
9814.jpg,3
9817.jpg,1
9822.jpg,3
9826.jpg,8
9835.jpg,1
9840.jpg,3
9844.jpg,1
9845.jpg,1
9850.jpg,4
9864.jpg,1
9867.jpg,1
9873.jpg,1
9877.jpg,1
9879.jpg,1
9885.jpg,1
9888.jpg,1
9892.jpg,1
9895.jpg,1
9896.jpg,1
9898.jpg,1
9908.jpg,1
9916.jpg,3
9924.jpg,1
9945.jpg,3
9955.jpg,2
9958.jpg,2
9962.jpg,2
9969.jpg,2
9974.jpg,2
9975.jpg,0
9983.jpg,9
9990.jpg,7
10002.jpg,9
10013.jpg,2
10015.jpg,2
10018.jpg,2
10019.jpg,2
10022.jpg,2
10030.jpg,0
10031.jpg,6
10034.jpg,2
10040.jpg,2
10045.jpg,2
10046.jpg,9
10051.jpg,6
10060.jpg,2
10062.jpg,5
10064.jpg,2
10068.jpg,5
10074.jpg,5
10075.jpg,2
10077.jpg,2
10080.jpg,6
10081.jpg,2
10090.jpg,4
10101.jpg,1
10102.jpg,3
10108.jpg,3
10113.jpg,3
10118.jpg,3
10119.jpg,3
10120.jpg,3
10125.jpg,3
10127.jpg,6
10130.jpg,5
10145.jpg,7
10151.jpg,3
10153.jpg,3
10156.jpg,3
10166.jpg,3
10168.jpg,3
10173.jpg,3
10177.jpg,3
10180.jpg,3
10184.jpg,3
10191.jpg,3
10192.jpg,4
10196.jpg,3
10204.jpg,3
10205.jpg,6
10219.jpg,3
10220.jpg,6
10229.jpg,3
10231.jpg,3
10241.jpg,3
10245.jpg,4
10254.jpg,4
10269.jpg,4
10272.jpg,4
10281.jpg,4
10286.jpg,4
10287.jpg,6
10291.jpg,4
10295.jpg,4
10298.jpg,4
10299.jpg,4
10300.jpg,4
10311.jpg,4
10316.jpg,4
10317.jpg,4
10318.jpg,6
10319.jpg,4
10321.jpg,4
10328.jpg,4
10334.jpg,4
10341.jpg,4
10343.jpg,4
10348.jpg,4
10350.jpg,4
10355.jpg,4
10362.jpg,4
10375.jpg,3
10376.jpg,5
10379.jpg,5
10381.jpg,5
10383.jpg,4
10388.jpg,5
10389.jpg,3
10392.jpg,4
10396.jpg,5
10397.jpg,5
10399.jpg,5
10400.jpg,5
10403.jpg,5
10404.jpg,5
10412.jpg,9
10425.jpg,5
10426.jpg,5
10457.jpg,5
10458.jpg,5
10480.jpg,5
10489.jpg,5
10491.jpg,5
10495.jpg,4
10502.jpg,5
10503.jpg,5
10504.jpg,5
10506.jpg,5
10508.jpg,5
10511.jpg,6
10512.jpg,1
10513.jpg,6
10519.jpg,6
10523.jpg,6
10528.jpg,8
10542.jpg,6
10546.jpg,5
10554.jpg,9
10559.jpg,3
10560.jpg,6
10562.jpg,7
10568.jpg,6
10576.jpg,6
10581.jpg,9
10587.jpg,9
10589.jpg,6
10591.jpg,6
10592.jpg,6
10593.jpg,6
10610.jpg,3
10612.jpg,6
10613.jpg,6
10615.jpg,3
10619.jpg,8
10621.jpg,3
10630.jpg,1
10633.jpg,6
10639.jpg,8
10645.jpg,8
10656.jpg,3
10659.jpg,7
10662.jpg,7
10668.jpg,0
10670.jpg,7
10671.jpg,6
10672.jpg,8
10677.jpg,9
10689.jpg,5
10692.jpg,1
10697.jpg,2
10702.jpg,8
10709.jpg,8
10710.jpg,7
10713.jpg,8
10720.jpg,9
10727.jpg,8
10729.jpg,0
10731.jpg,6
10742.jpg,5
10750.jpg,8
10751.jpg,9
10754.jpg,9
10763.jpg,5
10767.jpg,8
10768.jpg,9
10773.jpg,8
10775.jpg,6
10781.jpg,7
10791.jpg,8
10799.jpg,8
10808.jpg,8
10810.jpg,9
10814.jpg,8
10817.jpg,8
10832.jpg,8
10838.jpg,8
10841.jpg,8
10842.jpg,8
10843.jpg,6
10844.jpg,8
10848.jpg,6
10857.jpg,9
10870.jpg,9
10876.jpg,9
10877.jpg,6
10878.jpg,6
10887.jpg,0
10893.jpg,6
10895.jpg,9
10905.jpg,6
10906.jpg,7
10915.jpg,9
10918.jpg,9
10931.jpg,3
10933.jpg,6
10936.jpg,6
10937.jpg,9
10939.jpg,9
10953.jpg,8
10957.jpg,9
10959.jpg,7
10962.jpg,9
13913.jpg,0
13914.jpg,0
13920.jpg,3
13926.jpg,2
13930.jpg,3
13932.jpg,3
13933.jpg,4
13935.jpg,4
13939.jpg,2
13955.jpg,6
13956.jpg,8
13961.jpg,6
13962.jpg,7
14451.jpg,2
14457.jpg,6
14461.jpg,6
